{"asset/.DS_Store":["asset/.DS_Store"],"asset/bg.jpg":["asset/bg.jpg"],"asset/bg2.jpg":["asset/bg2.jpg"],"asset/bg_color1.png":["asset/bg_color1.png"],"asset/bg_color2.png":["asset/bg_color2.png"],"asset/bg_sample1.jpg":["asset/bg_sample1.jpg"],"asset/bg_sample2.jpg":["asset/bg_sample2.jpg"],"asset/bg_sample_3.jpg":["asset/bg_sample_3.jpg"],"asset/bg_sample_4.jpg":["asset/bg_sample_4.jpg"],"asset/bg_video.mp4":["asset/bg_video.mp4"],"asset/bg_video_vegas_plaza.mp4":["asset/bg_video_vegas_plaza.mp4"],"asset/circle.png":["asset/circle.png"],"asset/eclip.png":["asset/eclip.png"],"asset/font/Poppins-Black.ttf":["asset/font/Poppins-Black.ttf"],"asset/font/Poppins-Bold.ttf":["asset/font/Poppins-Bold.ttf"],"asset/font/Poppins-Light.ttf":["asset/font/Poppins-Light.ttf"],"asset/font/Poppins-Medium.ttf":["asset/font/Poppins-Medium.ttf"],"asset/font/Poppins-Regular.ttf":["asset/font/Poppins-Regular.ttf"],"asset/font/Poppins-Thin.ttf":["asset/font/Poppins-Thin.ttf"],"asset/image/.DS_Store":["asset/image/.DS_Store"],"asset/image/bg2_original.jpg":["asset/image/bg2_original.jpg"],"asset/image/logo_new.png":["asset/image/logo_new.png"],"asset/image/logo_renew.png":["asset/image/logo_renew.png"],"asset/layout.jpeg":["asset/layout.jpeg"],"asset/no_image.png":["asset/no_image.png"],"asset/round.png":["asset/round.png"],"asset/roundfix.png":["asset/roundfix.png"],"asset/square.png":["asset/square.png"],"packages/cupertino_icons/assets/CupertinoIcons.ttf":["packages/cupertino_icons/assets/CupertinoIcons.ttf"],"packages/fluttertoast/assets/toastify.css":["packages/fluttertoast/assets/toastify.css"],"packages/fluttertoast/assets/toastify.js":["packages/fluttertoast/assets/toastify.js"],"packages/wakelock_plus/assets/no_sleep.js":["packages/wakelock_plus/assets/no_sleep.js"]}